<?xml version="1.0" encoding="UTF-8"?>
<beans xmlns="http://www.springframework.org/schema/beans"
	xmlns:xsi="http://www.w3.org/2001/XMLSchema-instance" xmlns:context="http://www.springframework.org/schema/context"
	xmlns:p="http://www.springframework.org/schema/p"
	xsi:schemaLocation="http://www.springframework.org/schema/beans 
	http://www.springframework.org/schema/beans/spring-beans.xsd 
	http://www.springframework.org/schema/context 
	http://www.springframework.org/schema/context/spring-context.xsd">
	<bean id="dbproperties"
	      class="org.springframework.beans.factory.config.PropertyPlaceholderConfigurer">
	  <property name="location" value="classpath:db.properties"/>
	</bean>
	<bean id="ds" class="org.springframework.jdbc.datasource.DriverManagerDataSource">
    <property name="driverClassName" value="${driver}"/>
    <property name="url" value="${connection-url}"/>
    <property name="username" value="${user}"/>
    <property name="password" value="${password}"/>
</bean>

<bean id="jdbcTemplate" class="org.springframework.jdbc.core.JdbcTemplate">
        <property name="dataSource" ref="ds"/>
    </bean>   
    <bean id="edao" class="com.cognizant.jdbc.dao.EmployeeDaoImpl">
    <property name="jdbcTemplate" ref="jdbcTemplate"></property>
    </bean>
</beans>