<?xml version="1.0" encoding="UTF-8"?>
<beans xmlns="http://www.springframework.org/schema/beans"
	xmlns:xsi="http://www.w3.org/2001/XMLSchema-instance" xmlns:context="http://www.springframework.org/schema/context"
	xmlns:p="http://www.springframework.org/schema/p"
	xsi:schemaLocation="http://www.springframework.org/schema/beans 
	http://www.springframework.org/schema/beans/spring-beans.xsd 
	http://www.springframework.org/schema/context 
	http://www.springframework.org/schema/context/spring-context.xsd">
	<bean class="com.Ankana.spring.InnerBeans.Employee" name="employee"
		p:id="123" scope="singleton">
		<property name="address">
			<bean class="com.Ankana.spring.InnerBeans.Address">
				<property name="houseNo" value="7849" />
				<property name="street" value="Shastri Road" />
				<property name="city" value="Naihati" />
			</bean>
		</property>
	</bean>
</beans>